{"app_version":63,"keymap_db_version":13,"fingerprint_map_list":[{"action_list":[],"constraints":[],"constraint_mode":1,"extras":[],"flags":0,"id":0,"enabled":true},{"action_list":[],"constraints":[],"constraint_mode":1,"extras":[],"flags":0,"id":1,"enabled":true},{"action_list":[],"constraints":[],"constraint_mode":1,"extras":[],"flags":0,"id":2,"enabled":true},{"action_list":[],"constraints":[],"constraint_mode":1,"extras":[],"flags":0,"id":3,"enabled":true}],"keymap_list":[{"actionList":[{"data":"volume_up","extras":[{"data":"200","id":"extra_repeat_delay"}],"flags":5,"type":"SYSTEM_ACTION","uid":"4f34633a-868a-4195-92a8-4ab5643fbbf9"}],"constraintList":[],"constraintMode":1,"flags":0,"id":1,"isEnabled":true,"trigger":{"extras":[],"flags":0,"keys":[{"clickType":0,"deviceId":"io.github.sds100.keymapper.THIS_DEVICE","flags":0,"keyCode":150,"uid":"cb512487-4c83-4bbf-8113-1363433ff2e7"}],"mode":2},"uid":"75348935-7c9e-4e03-81ed-5c976ac1b725"},{"actionList":[{"data":"volume_down","extras":[{"data":"200","id":"extra_repeat_delay"}],"flags":5,"type":"SYSTEM_ACTION","uid":"3cb9a1dc-ad08-4249-86c0-fafa2ce41f52"}],"constraintList":[],"constraintMode":1,"flags":0,"id":2,"isEnabled":true,"trigger":{"extras":[],"flags":0,"keys":[{"clickType":0,"deviceId":"io.github.sds100.keymapper.THIS_DEVICE","flags":0,"keyCode":146,"uid":"15da7612-8144-41c4-99b3-e3853504834c"}],"mode":2},"uid":"bae7f06d-ae96-4d15-b0cc-3feb6a44926c"},{"actionList":[{"data":"volume_toggle_mute","extras":[],"flags":1,"type":"SYSTEM_ACTION","uid":"2441705c-ffa3-4597-a983-acd03329419a"}],"constraintList":[],"constraintMode":1,"flags":0,"id":3,"isEnabled":true,"trigger":{"extras":[],"flags":0,"keys":[{"clickType":0,"deviceId":"io.github.sds100.keymapper.THIS_DEVICE","flags":0,"keyCode":149,"uid":"eb60fd60-fcf1-4d29-b625-8a2620be4f2d"}],"mode":2},"uid":"9959130b-6d7f-47ed-ac2b-0dc35a851e86"},{"actionList":[{"data":"previous_track","extras":[],"flags":0,"type":"SYSTEM_ACTION","uid":"e6d1d2b8-fa79-4758-afa1-59856e6b340c"}],"constraintList":[],"constraintMode":1,"flags":0,"id":4,"isEnabled":true,"trigger":{"extras":[],"flags":0,"keys":[{"clickType":0,"deviceId":"io.github.sds100.keymapper.THIS_DEVICE","flags":0,"keyCode":145,"uid":"2031f3e0-6383-4e13-99b0-374b8a764eb2"}],"mode":2},"uid":"80af29b5-d9f0-4eb0-9df5-52d73c0b2e2b"},{"actionList":[{"data":"next_track","extras":[],"flags":0,"type":"SYSTEM_ACTION","uid":"0f5b9fc3-44eb-476f-908e-96d16c49ea7e"}],"constraintList":[],"constraintMode":1,"flags":0,"id":5,"isEnabled":true,"trigger":{"extras":[],"flags":0,"keys":[{"clickType":0,"deviceId":"io.github.sds100.keymapper.THIS_DEVICE","flags":0,"keyCode":153,"uid":"936d52e6-7255-495d-a248-b4a3a3121937"}],"mode":2},"uid":"19cdbc8b-03c0-4ac7-b08b-c79b5e3339cb"},{"actionList":[{"data":"play_pause_media","extras":[],"flags":0,"type":"SYSTEM_ACTION","uid":"f9e76a39-a242-45ce-a11c-ce95b3e9901d"}],"constraintList":[],"constraintMode":1,"flags":0,"id":6,"isEnabled":true,"trigger":{"extras":[],"flags":0,"keys":[{"clickType":0,"deviceId":"io.github.sds100.keymapper.THIS_DEVICE","flags":0,"keyCode":151,"uid":"c9b7fbbe-880b-450e-af1e-7e355608c874"}],"mode":2},"uid":"22ed9219-9611-4f0b-a1d4-9dc893c66417"},{"actionList":[{"data":"go_home","extras":[],"flags":0,"type":"SYSTEM_ACTION","uid":"f0e2dc14-3d33-4ff3-b272-7179a8504d55"}],"constraintList":[],"constraintMode":1,"flags":0,"id":7,"isEnabled":true,"trigger":{"extras":[],"flags":0,"keys":[{"clickType":0,"deviceId":"io.github.sds100.keymapper.THIS_DEVICE","flags":0,"keyCode":156,"uid":"14db1022-870f-4edd-b002-7fb29fa98bd3"}],"mode":2},"uid":"cf3bc3d2-bd20-4d4d-aa1a-a07e9187c4cb"},{"actionList":[{"data":"open_recents","extras":[],"flags":0,"type":"SYSTEM_ACTION","uid":"b5ad0a4e-8da6-4332-9991-5d8f42de0a55"}],"constraintList":[],"constraintMode":1,"flags":0,"id":8,"isEnabled":true,"trigger":{"extras":[],"flags":0,"keys":[{"clickType":0,"deviceId":"io.github.sds100.keymapper.THIS_DEVICE","flags":0,"keyCode":144,"uid":"be32e291-226b-49d8-87e6-5c9d8992067f"}],"mode":2},"uid":"b1b5ffad-ecbd-48f2-874b-f75f53a98eff"},{"actionList":[{"data":"open_recents","extras":[],"flags":0,"type":"SYSTEM_ACTION","uid":"e86eb43c-1adf-478f-bd25-4f7a9f261ea6"}],"constraintList":[],"constraintMode":1,"flags":0,"id":9,"isEnabled":true,"trigger":{"extras":[],"flags":0,"keys":[{"clickType":0,"deviceId":"io.github.sds100.keymapper.THIS_DEVICE","flags":0,"keyCode":152,"uid":"294e141c-932c-4ab2-8080-88a2c4a0eed5"}],"mode":2},"uid":"b0cbca83-dfdf-458b-9788-83b72a12fffc"},{"actionList":[{"data":"open_recents","extras":[],"flags":0,"type":"SYSTEM_ACTION","uid":"d92decd7-5c0d-47c8-8913-0040b35bc777"}],"constraintList":[],"constraintMode":1,"flags":0,"id":10,"isEnabled":true,"trigger":{"extras":[],"flags":0,"keys":[{"clickType":0,"deviceId":"io.github.sds100.keymapper.THIS_DEVICE","flags":0,"keyCode":148,"uid":"487e656a-f9e1-49a5-a57b-33ffadc1be45"}],"mode":2},"uid":"b75da3ed-a272-4181-9f81-a63ccb6fc58c"}]}