{"app_version":59,"keymap_db_version":13,"fingerprint_map_list":[{"action_list":[],"constraints":[],"constraint_mode":1,"extras":[],"flags":0,"id":0,"enabled":true},{"action_list":[],"constraints":[],"constraint_mode":1,"extras":[],"flags":0,"id":1,"enabled":true},{"action_list":[],"constraints":[],"constraint_mode":1,"extras":[],"flags":0,"id":2,"enabled":true},{"action_list":[],"constraints":[],"constraint_mode":1,"extras":[],"flags":0,"id":3,"enabled":true}],"keymap_list":[{"actionList":[{"data":"volume_up","extras":[{"data":"200","id":"extra_repeat_delay"}],"flags":5,"type":"SYSTEM_ACTION","uid":"15510efb-a2b8-4da1-ba99-7cbb745e13f8"}],"constraintList":[],"constraintMode":1,"flags":0,"id":1,"isEnabled":true,"trigger":{"extras":[],"flags":8,"keys":[{"clickType":0,"deviceId":"io.github.sds100.keymapper.THIS_DEVICE","flags":0,"keyCode":148,"uid":"2b147d38-84bd-4514-966d-36209eb925b0"}],"mode":2},"uid":"a843cc05-ceb3-4ad3-befe-4e68c9d63de3"},{"actionList":[{"data":"volume_down","extras":[{"data":"200","id":"extra_repeat_delay"}],"flags":5,"type":"SYSTEM_ACTION","uid":"67ed043f-6fa7-4ad8-b5b1-27aa202aae63"}],"constraintList":[],"constraintMode":1,"flags":0,"id":2,"isEnabled":true,"trigger":{"extras":[],"flags":8,"keys":[{"clickType":0,"deviceId":"io.github.sds100.keymapper.THIS_DEVICE","flags":0,"keyCode":145,"uid":"21d6a532-ba16-4db1-b5dd-4b0db1cb66ee"}],"mode":2},"uid":"c891fa5b-0303-4916-bad6-2e15b8e9ef29"},{"actionList":[{"data":"volume_toggle_mute","extras":[],"flags":1,"type":"SYSTEM_ACTION","uid":"9fda94da-06fb-43ba-ac5a-57b98bc02172"}],"constraintList":[],"constraintMode":1,"flags":0,"id":3,"isEnabled":true,"trigger":{"extras":[],"flags":0,"keys":[{"clickType":0,"deviceId":"io.github.sds100.keymapper.THIS_DEVICE","flags":0,"keyCode":147,"uid":"f669267d-7de5-407c-875f-998b0155b716"}],"mode":2},"uid":"aed8c899-5ecb-4473-97d1-c0b52f82a06d"},{"actionList":[{"data":"previous_track","extras":[],"flags":0,"type":"SYSTEM_ACTION","uid":"6734becd-a097-4328-b1e3-8efe749966ba"}],"constraintList":[],"constraintMode":1,"flags":0,"id":4,"isEnabled":true,"trigger":{"extras":[],"flags":0,"keys":[{"clickType":0,"deviceId":"io.github.sds100.keymapper.THIS_DEVICE","flags":0,"keyCode":144,"uid":"a8ad2ac4-bb75-4118-8495-4cd879026e99"}],"mode":2},"uid":"abede3e0-aa3f-447a-ad48-030ece02e11b"},{"actionList":[{"data":"next_track","extras":[],"flags":0,"type":"SYSTEM_ACTION","uid":"cf387569-afbd-4513-8161-6027e7045517"}],"constraintList":[],"constraintMode":1,"flags":0,"id":5,"isEnabled":true,"trigger":{"extras":[],"flags":0,"keys":[{"clickType":0,"deviceId":"io.github.sds100.keymapper.THIS_DEVICE","flags":0,"keyCode":151,"uid":"295bd057-fbca-4fd0-8949-dc17386b958e"}],"mode":2},"uid":"62f268de-fcab-4d8c-b72e-8966cf6a1938"},{"actionList":[{"data":"open_recents","extras":[],"flags":0,"type":"SYSTEM_ACTION","uid":"6ea9fb81-0730-4675-a57d-be920e14a987"}],"constraintList":[],"constraintMode":1,"flags":0,"id":8,"isEnabled":true,"trigger":{"extras":[],"flags":0,"keys":[{"clickType":0,"deviceId":"io.github.sds100.keymapper.THIS_DEVICE","flags":0,"keyCode":153,"uid":"177e7de2-3e76-44d1-98f6-1feaeafaee3f"}],"mode":2},"uid":"3e2bf63f-4e69-4d65-8a4f-49261637314e"},{"actionList":[{"data":"open_recents","extras":[],"flags":0,"type":"SYSTEM_ACTION","uid":"c9542f2c-ee3e-4ab8-9485-01bb45fe0317"}],"constraintList":[],"constraintMode":1,"flags":0,"id":9,"isEnabled":true,"trigger":{"extras":[],"flags":0,"keys":[{"clickType":0,"deviceId":"io.github.sds100.keymapper.THIS_DEVICE","flags":0,"keyCode":150,"uid":"2195ce03-310e-4471-b085-f18e7bc4b4d0"}],"mode":2},"uid":"f25af34f-db55-4d4c-bd21-0f51c411bb29"},{"actionList":[{"data":"go_home","extras":[],"flags":0,"type":"SYSTEM_ACTION","uid":"2e2998ba-590f-4576-a82f-023e01f2a84d"}],"constraintList":[],"constraintMode":1,"flags":0,"id":10,"isEnabled":true,"trigger":{"extras":[],"flags":0,"keys":[{"clickType":0,"deviceId":"io.github.sds100.keymapper.THIS_DEVICE","flags":0,"keyCode":152,"uid":"bb9cc026-e9e6-44bf-bd48-fa8a825861f3"}],"mode":2},"uid":"8efa31c6-5bb0-4871-8497-0d515cfc6b27"},{"actionList":[{"data":"play_pause_media_package","extras":[{"data":"com.spotify.music","id":"extra_package_name"}],"flags":0,"type":"SYSTEM_ACTION","uid":"33f2ec0f-3d1b-4234-8b31-7aa8f0bee8b2"}],"constraintList":[],"constraintMode":1,"flags":0,"id":11,"isEnabled":true,"trigger":{"extras":[],"flags":0,"keys":[{"clickType":0,"deviceId":"io.github.sds100.keymapper.THIS_DEVICE","flags":0,"keyCode":149,"uid":"65ee8a27-f04b-4caa-bb2d-ad1050e544c1"}],"mode":2},"uid":"8ab3172d-75db-41c8-be2b-da6c84e06c66"},{"actionList":[{"data":"open_recents","extras":[],"flags":0,"type":"SYSTEM_ACTION","uid":"3cbfbabd-475c-476b-b531-ed52a854164e"}],"constraintList":[],"constraintMode":1,"flags":0,"id":12,"isEnabled":true,"trigger":{"extras":[],"flags":0,"keys":[{"clickType":0,"deviceId":"io.github.sds100.keymapper.THIS_DEVICE","flags":0,"keyCode":146,"uid":"829fbb73-57cb-4311-939c-5b0e561bc932"}],"mode":2},"uid":"0de5ab56-7c12-439f-8a19-01e1a20f37ad"}]}